EmployeeID,EmployeeName,Gender,Age,DepartmentID,Designation,JoiningDate,EmploymentType,Status,Manager,Location
EMP001,Rohan More,Female,23,D004,Sales Executive,2022-10-05,Full-Time,Active,Anita Sharma,Pune
EMP002,Priya More,Male,43,D006,Operations Executive,2024-11-15,Full-Time,Active,Rahul Mehta,Pune
EMP003,Rohan Deshmukh,Male,39,D003,Data Analyst,2023-01-22,Full-Time,Active,Rahul Mehta,Pune
EMP004,Arjun Pawar,Male,36,D004,Sales Executive,2024-11-28,Full-Time,Active,Priya Nair,Pune
EMP005,Aarav Singh,Female,29,D004,Sales Executive,2024-06-05,Full-Time,Active,Rahul Mehta,Pune
EMP006,Aisha Singh,Male,23,D001,HR Executive,2022-01-25,Full-Time,Active,Vikas Patel,Pune
EMP007,Siddharth Deshmukh,Female,26,D006,Operations Executive,2023-07-08,Full-Time,Active,Rahul Mehta,Pune
EMP008,Priya Dhiwar,Female,44,D006,Operations Executive,2022-08-26,Full-Time,Active,Vikas Patel,Pune
EMP009,Riya Jadhav,Female,38,D005,Marketing Executive,2023-04-16,Full-Time,Active,Anita Sharma,Pune
EMP010,Arjun Iyer,Male,28,D005,Marketing Executive,2022-06-02,Full-Time,Active,Rahul Mehta,Pune
EMP011,Rahul Mehta,Male,41,D007,Support Executive,2025-12-16,Full-Time,Active,Rahul Mehta,Pune
EMP012,Sneha Singh,Male,31,D007,Support Executive,2024-08-24,Full-Time,Active,Vikas Patel,Pune
EMP013,Siddharth Nair,Male,39,D007,Support Executive,2025-08-30,Full-Time,Active,Rahul Mehta,Pune
EMP014,Aman More,Female,36,D003,Data Analyst,2023-07-29,Full-Time,Active,Vikas Patel,Pune
EMP015,Aditya Singh,Female,26,D004,Sales Executive,2024-05-23,Full-Time,Active,Rahul Mehta,Pune
EMP016,Nikhil Iyer,Female,43,D001,HR Executive,2024-11-17,Full-Time,Active,Priya Nair,Pune
EMP017,Rohan Kulkarni,Male,28,D005,Marketing Executive,2022-10-20,Full-Time,Active,Vikas Patel,Pune
EMP018,Rohan Pawar,Male,40,D003,Data Analyst,2023-03-18,Full-Time,Active,Rahul Mehta,Pune
EMP019,Nikhil More,Female,25,D003,Data Analyst,2023-05-24,Full-Time,Active,Anita Sharma,Pune
EMP020,Sneha Joshi,Female,35,D002,Accountant,2024-08-12,Full-Time,Active,Anita Sharma,Pune
EMP021,Rahul Iyer,Male,27,D008,Admin Executive,2023-08-29,Full-Time,Active,Vikas Patel,Pune
EMP022,Meera More,Female,40,D008,Admin Executive,2023-08-10,Full-Time,Active,Anita Sharma,Pune
EMP023,Aisha Singh,Female,32,D003,Data Analyst,2023-11-15,Full-Time,Active,Vikas Patel,Pune
EMP024,Arjun Mehta,Male,35,D008,Admin Executive,2022-06-02,Full-Time,Active,Anita Sharma,Pune
EMP025,Neha Joshi,Male,34,D003,Data Analyst,2023-01-15,Full-Time,Active,Priya Nair,Pune
EMP026,Riya Deshmukh,Female,37,D006,Operations Executive,2024-04-19,Full-Time,Active,Vikas Patel,Pune
EMP027,Karan Gupta,Male,38,D002,Accountant,2024-11-24,Full-Time,Active,Rahul Mehta,Pune
EMP028,Meera Mehta,Male,35,D006,Operations Executive,2023-05-13,Full-Time,Active,Rahul Mehta,Pune
EMP029,Riya Dhiwar,Female,32,D004,Sales Executive,2025-11-03,Full-Time,Active,Rahul Mehta,Pune
EMP030,Pooja Sharma,Male,41,D005,Marketing Executive,2022-12-04,Full-Time,Active,Vikas Patel,Pune
EMP031,Rahul Iyer,Female,38,D008,Admin Executive,2026-02-12,Full-Time,Active,Vikas Patel,Pune
EMP032,Aman Nair,Male,39,D006,Operations Executive,2023-02-13,Full-Time,Active,Anita Sharma,Pune
EMP033,Aarav Deshmukh,Male,42,D007,Support Executive,2023-05-04,Full-Time,Active,Priya Nair,Pune
EMP034,Nikhil Singh,Female,30,D007,Support Executive,2025-07-20,Full-Time,Active,Priya Nair,Pune
EMP035,Vivaan Deshmukh,Female,23,D008,Admin Executive,2025-11-09,Full-Time,Active,Vikas Patel,Pune
EMP036,Kavya Sharma,Male,30,D008,Admin Executive,2025-01-13,Full-Time,Active,Priya Nair,Pune
EMP037,Vivaan Joshi,Female,45,D001,HR Executive,2023-03-14,Full-Time,Active,Rahul Mehta,Pune
EMP038,Priya Kulkarni,Female,25,D007,Support Executive,2024-03-12,Full-Time,Active,Rahul Mehta,Pune
EMP039,Priya More,Female,31,D002,Accountant,2024-03-18,Full-Time,Active,Rahul Mehta,Pune
EMP040,Meera Dhiwar,Male,39,D001,HR Executive,2022-08-25,Full-Time,Active,Anita Sharma,Pune
EMP041,Meera Singh,Female,43,D007,Support Executive,2025-10-14,Full-Time,Active,Priya Nair,Pune
EMP042,Sneha Pawar,Male,43,D006,Operations Executive,2023-06-03,Full-Time,Active,Vikas Patel,Pune
EMP043,Sneha Pawar,Male,22,D008,Admin Executive,2022-11-21,Full-Time,Active,Priya Nair,Pune
EMP044,Aarav Nair,Female,31,D006,Operations Executive,2024-07-30,Full-Time,Active,Anita Sharma,Pune
EMP045,Neha Dhiwar,Male,37,D004,Sales Executive,2023-05-04,Full-Time,Active,Rahul Mehta,Pune
EMP046,Arjun Mehta,Male,43,D002,Accountant,2026-05-14,Full-Time,Active,Rahul Mehta,Pune
EMP047,Nikhil Deshmukh,Female,38,D008,Admin Executive,2026-02-28,Full-Time,Active,Rahul Mehta,Pune
EMP048,Rahul Nair,Female,44,D008,Admin Executive,2024-08-15,Full-Time,Active,Rahul Mehta,Pune
EMP049,Ananya Jadhav,Female,35,D003,Data Analyst,2026-03-18,Full-Time,Active,Rahul Mehta,Pune
EMP050,Meera Nair,Female,27,D004,Sales Executive,2025-12-09,Full-Time,Active,Anita Sharma,Pune
EMP051,Arjun Gupta,Male,25,D006,Operations Executive,2023-11-22,Full-Time,Active,Vikas Patel,Pune
EMP052,Pooja Jadhav,Male,33,D004,Sales Executive,2025-06-02,Full-Time,Active,Anita Sharma,Pune
EMP053,Rohan Deshmukh,Male,44,D005,Marketing Executive,2023-03-08,Full-Time,Active,Rahul Mehta,Pune
EMP054,Karan Kulkarni,Male,45,D005,Marketing Executive,2024-10-03,Full-Time,Active,Rahul Mehta,Pune
EMP055,Siddharth Jadhav,Female,29,D006,Operations Executive,2024-07-14,Full-Time,Active,Vikas Patel,Pune
EMP056,Vivaan Deshmukh,Male,27,D008,Admin Executive,2023-09-30,Full-Time,Active,Anita Sharma,Pune
EMP057,Aman Gupta,Female,27,D008,Admin Executive,2025-02-04,Full-Time,Active,Anita Sharma,Pune
EMP058,Aditya Nair,Female,32,D004,Sales Executive,2023-04-25,Full-Time,Active,Rahul Mehta,Pune
EMP059,Siddharth Joshi,Male,35,D001,HR Executive,2023-08-18,Full-Time,Active,Anita Sharma,Pune
EMP060,Arjun Jadhav,Female,33,D008,Admin Executive,2023-06-13,Full-Time,Active,Vikas Patel,Pune
EMP061,Arjun Patel,Female,36,D004,Sales Executive,2023-11-11,Full-Time,Active,Anita Sharma,Pune
EMP062,Ananya Pawar,Male,32,D004,Sales Executive,2024-09-18,Full-Time,Active,Vikas Patel,Pune
EMP063,Pooja Singh,Female,24,D001,HR Executive,2023-12-22,Full-Time,Active,Anita Sharma,Pune
EMP064,Aman Nair,Female,30,D001,HR Executive,2022-01-20,Full-Time,Active,Rahul Mehta,Pune
EMP065,Aman Dhiwar,Male,26,D001,HR Executive,2025-04-10,Full-Time,Active,Anita Sharma,Pune
EMP066,Rahul Joshi,Male,45,D008,Admin Executive,2024-08-23,Full-Time,Active,Anita Sharma,Pune
EMP067,Aman Sharma,Male,36,D002,Accountant,2022-11-21,Full-Time,Active,Anita Sharma,Pune
EMP068,Pooja Jadhav,Female,38,D003,Data Analyst,2025-12-29,Full-Time,Active,Vikas Patel,Pune
EMP069,Sneha Singh,Female,37,D007,Support Executive,2022-12-22,Full-Time,Active,Priya Nair,Pune
EMP070,Aarav Dhiwar,Female,27,D002,Accountant,2024-10-20,Full-Time,Active,Priya Nair,Pune
EMP071,Nikhil Dhiwar,Female,29,D005,Marketing Executive,2024-07-13,Full-Time,Active,Vikas Patel,Pune
EMP072,Sneha Jadhav,Female,36,D007,Support Executive,2024-07-13,Full-Time,Active,Priya Nair,Pune
EMP073,Karan Singh,Male,34,D003,Data Analyst,2025-04-25,Full-Time,Active,Anita Sharma,Pune
EMP074,Siddharth Kulkarni,Female,25,D003,Data Analyst,2022-11-10,Full-Time,Active,Rahul Mehta,Pune
EMP075,Siddharth Gupta,Male,25,D003,Data Analyst,2025-06-05,Full-Time,Active,Priya Nair,Pune
EMP076,Riya Sharma,Female,37,D007,Support Executive,2022-12-22,Full-Time,Active,Rahul Mehta,Pune
EMP077,Kavya Dhiwar,Male,44,D007,Support Executive,2023-06-20,Full-Time,Active,Priya Nair,Pune
EMP078,Aarav Patel,Female,40,D006,Operations Executive,2022-08-07,Full-Time,Active,Anita Sharma,Pune
EMP079,Nikhil Jadhav,Female,39,D002,Accountant,2024-09-19,Full-Time,Active,Rahul Mehta,Pune
EMP080,Karan Verma,Male,23,D007,Support Executive,2022-01-22,Full-Time,Active,Anita Sharma,Pune
EMP081,Neha Gupta,Female,28,D002,Accountant,2025-07-15,Full-Time,Active,Priya Nair,Pune
EMP082,Priya Dhiwar,Female,32,D001,HR Executive,2022-08-02,Full-Time,Active,Vikas Patel,Pune
EMP083,Rahul Joshi,Female,37,D007,Support Executive,2026-05-05,Full-Time,Active,Anita Sharma,Pune
EMP084,Aarav Nair,Male,26,D004,Sales Executive,2025-08-05,Full-Time,Active,Vikas Patel,Pune
EMP085,Aman Deshmukh,Male,42,D007,Support Executive,2022-01-12,Full-Time,Active,Rahul Mehta,Pune
EMP086,Rohan Pawar,Male,28,D007,Support Executive,2024-08-28,Full-Time,Active,Anita Sharma,Pune
EMP087,Aarav Iyer,Male,23,D006,Operations Executive,2025-09-23,Full-Time,Active,Priya Nair,Pune
EMP088,Neha Gupta,Female,24,D003,Data Analyst,2022-07-10,Full-Time,Active,Vikas Patel,Pune
EMP089,Sneha Iyer,Male,36,D002,Accountant,2023-05-11,Full-Time,Active,Anita Sharma,Pune
EMP090,Ananya Mehta,Male,36,D003,Data Analyst,2024-11-20,Full-Time,Active,Vikas Patel,Pune
EMP091,Rahul Deshmukh,Female,29,D004,Sales Executive,2026-03-27,Full-Time,Active,Priya Nair,Pune
EMP092,Isha Nair,Male,34,D001,HR Executive,2026-02-23,Full-Time,Active,Rahul Mehta,Pune
EMP093,Pooja Sharma,Male,36,D001,HR Executive,2022-04-06,Full-Time,Active,Vikas Patel,Pune
EMP094,Sneha Verma,Male,31,D008,Admin Executive,2024-04-04,Full-Time,Active,Rahul Mehta,Pune
EMP095,Arjun Dhiwar,Female,45,D007,Support Executive,2024-07-08,Full-Time,Active,Priya Nair,Pune
EMP096,Siddharth Dhiwar,Male,40,D004,Sales Executive,2022-04-10,Full-Time,Active,Priya Nair,Pune
EMP097,Isha Sharma,Female,25,D002,Accountant,2026-03-11,Full-Time,Active,Rahul Mehta,Pune
EMP098,Kavya Kulkarni,Female,36,D007,Support Executive,2026-04-18,Full-Time,Active,Rahul Mehta,Pune
EMP099,Ananya Joshi,Female,44,D001,HR Executive,2023-06-15,Full-Time,Active,Priya Nair,Pune
EMP100,Aditya Kulkarni,Male,26,D007,Support Executive,2023-05-22,Full-Time,Active,Priya Nair,Pune
EMP101,Siddharth Pawar,Female,36,D005,Marketing Executive,2025-11-14,Full-Time,Active,Vikas Patel,Pune
EMP102,Rahul Dhiwar,Female,39,D003,Data Analyst,2024-01-19,Full-Time,Active,Anita Sharma,Pune
EMP103,Arjun Patel,Female,35,D002,Accountant,2025-09-07,Full-Time,Active,Vikas Patel,Pune
EMP104,Nikhil Gupta,Female,39,D007,Support Executive,2023-07-16,Full-Time,Active,Vikas Patel,Pune
EMP105,Rahul Pawar,Female,38,D004,Sales Executive,2022-12-18,Full-Time,Active,Vikas Patel,Pune
EMP106,Rohan Joshi,Female,35,D006,Operations Executive,2024-05-26,Full-Time,Active,Rahul Mehta,Pune
EMP107,Isha Nair,Female,29,D002,Accountant,2023-02-19,Full-Time,Active,Priya Nair,Pune
EMP108,Aarav Kulkarni,Male,28,D002,Accountant,2022-01-25,Full-Time,Active,Anita Sharma,Pune
EMP109,Isha Dhiwar,Male,26,D007,Support Executive,2022-11-06,Full-Time,Active,Vikas Patel,Pune
EMP110,Ananya Kulkarni,Female,33,D003,Data Analyst,2026-05-02,Full-Time,Active,Vikas Patel,Pune
EMP111,Vivaan Patel,Male,38,D007,Support Executive,2023-12-20,Full-Time,Active,Anita Sharma,Pune
EMP112,Karan Singh,Female,37,D008,Admin Executive,2022-01-07,Full-Time,Active,Rahul Mehta,Pune
EMP113,Kavya Iyer,Male,41,D006,Operations Executive,2025-01-11,Full-Time,Active,Rahul Mehta,Pune
EMP114,Nikhil Jadhav,Female,35,D005,Marketing Executive,2024-09-12,Full-Time,Active,Anita Sharma,Pune
EMP115,Arjun Nair,Female,35,D006,Operations Executive,2025-07-12,Full-Time,Active,Vikas Patel,Pune
EMP116,Ananya Singh,Male,28,D007,Support Executive,2024-11-15,Full-Time,Active,Priya Nair,Pune
EMP117,Aman Iyer,Female,42,D001,HR Executive,2023-06-05,Full-Time,Active,Rahul Mehta,Pune
EMP118,Priya Jadhav,Female,38,D005,Marketing Executive,2026-02-13,Full-Time,Active,Priya Nair,Pune
EMP119,Neha Kulkarni,Female,45,D006,Operations Executive,2024-10-23,Full-Time,Active,Anita Sharma,Pune
EMP120,Karan Pawar,Male,37,D002,Accountant,2022-07-26,Full-Time,Active,Vikas Patel,Pune
EMP121,Riya Verma,Female,27,D008,Admin Executive,2024-09-24,Full-Time,Active,Anita Sharma,Pune
EMP122,Arjun Iyer,Male,29,D002,Accountant,2024-10-15,Full-Time,Active,Rahul Mehta,Pune
EMP123,Rohan Kulkarni,Male,41,D001,HR Executive,2025-06-05,Full-Time,Active,Rahul Mehta,Pune
EMP124,Riya Patel,Male,23,D005,Marketing Executive,2025-02-01,Full-Time,Active,Priya Nair,Pune
EMP125,Sneha Dhiwar,Female,44,D008,Admin Executive,2026-03-07,Full-Time,Active,Priya Nair,Pune
EMP126,Aarav Gupta,Male,22,D007,Support Executive,2025-03-29,Full-Time,Active,Priya Nair,Pune
EMP127,Neha Kulkarni,Female,31,D006,Operations Executive,2022-12-05,Full-Time,Active,Rahul Mehta,Pune
EMP128,Priya More,Female,37,D001,HR Executive,2022-02-03,Full-Time,Active,Rahul Mehta,Pune
EMP129,Rahul Pawar,Female,35,D002,Accountant,2025-01-08,Full-Time,Active,Rahul Mehta,Pune
EMP130,Ananya Mehta,Female,42,D008,Admin Executive,2022-07-17,Full-Time,Active,Rahul Mehta,Pune
EMP131,Sneha Deshmukh,Female,32,D007,Support Executive,2022-02-20,Full-Time,Active,Anita Sharma,Pune
EMP132,Pooja Deshmukh,Female,22,D005,Marketing Executive,2022-12-22,Full-Time,Active,Priya Nair,Pune
EMP133,Siddharth Dhiwar,Female,31,D001,HR Executive,2024-09-03,Full-Time,Active,Vikas Patel,Pune
EMP134,Nikhil Gupta,Male,30,D006,Operations Executive,2024-04-15,Full-Time,Active,Priya Nair,Pune
EMP135,Ananya Nair,Female,34,D005,Marketing Executive,2024-02-21,Full-Time,Active,Anita Sharma,Pune
EMP136,Priya Mehta,Female,40,D003,Data Analyst,2022-05-09,Full-Time,Active,Priya Nair,Pune
EMP137,Riya Dhiwar,Female,27,D003,Data Analyst,2023-12-24,Full-Time,Active,Vikas Patel,Pune
EMP138,Karan Iyer,Male,34,D003,Data Analyst,2022-11-05,Full-Time,Active,Vikas Patel,Pune
EMP139,Karan Iyer,Male,25,D002,Accountant,2022-06-21,Full-Time,Active,Rahul Mehta,Pune
EMP140,Vivaan Pawar,Female,42,D008,Admin Executive,2022-01-25,Full-Time,Active,Priya Nair,Pune
EMP141,Neha Patel,Male,38,D007,Support Executive,2025-12-07,Full-Time,Active,Vikas Patel,Pune
EMP142,Kavya Sharma,Female,25,D006,Operations Executive,2022-03-13,Full-Time,Active,Anita Sharma,Pune
EMP143,Aisha Dhiwar,Female,42,D007,Support Executive,2022-06-28,Full-Time,Active,Anita Sharma,Pune
EMP144,Vivaan Nair,Female,40,D002,Accountant,2023-11-19,Full-Time,Active,Anita Sharma,Pune
EMP145,Ananya Nair,Female,25,D002,Accountant,2024-01-10,Full-Time,Active,Vikas Patel,Pune
EMP146,Karan Singh,Female,26,D002,Accountant,2022-07-31,Full-Time,Active,Vikas Patel,Pune
EMP147,Karan More,Female,25,D003,Data Analyst,2023-03-20,Full-Time,Active,Anita Sharma,Pune
EMP148,Aarav Deshmukh,Male,45,D003,Data Analyst,2025-12-13,Full-Time,Active,Vikas Patel,Pune
EMP149,Meera Singh,Female,27,D006,Operations Executive,2022-04-13,Full-Time,Active,Anita Sharma,Pune
EMP150,Neha Jadhav,Female,40,D002,Accountant,2025-03-08,Full-Time,Active,Anita Sharma,Pune
EMP151,Vivaan Sharma,Male,27,D003,Data Analyst,2022-08-16,Full-Time,Active,Priya Nair,Pune
EMP152,Priya Dhiwar,Female,29,D003,Data Analyst,2024-08-14,Full-Time,Active,Anita Sharma,Pune
EMP153,Riya Nair,Male,31,D006,Operations Executive,2024-09-15,Full-Time,Active,Priya Nair,Pune
EMP154,Kavya Joshi,Female,44,D008,Admin Executive,2023-10-15,Full-Time,Active,Vikas Patel,Pune
EMP155,Aditya Dhiwar,Female,27,D008,Admin Executive,2025-06-23,Full-Time,Active,Rahul Mehta,Pune
EMP156,Isha Mehta,Male,36,D002,Accountant,2024-12-13,Full-Time,Active,Vikas Patel,Pune
EMP157,Sneha Deshmukh,Male,23,D005,Marketing Executive,2025-01-09,Full-Time,Active,Anita Sharma,Pune
EMP158,Ananya Verma,Female,42,D001,HR Executive,2026-04-19,Full-Time,Active,Priya Nair,Pune
EMP159,Nikhil Deshmukh,Female,35,D003,Data Analyst,2024-09-08,Full-Time,Active,Priya Nair,Pune
EMP160,Ananya Singh,Male,31,D002,Accountant,2023-03-26,Full-Time,Active,Priya Nair,Pune
EMP161,Rahul Iyer,Female,39,D003,Data Analyst,2022-09-19,Full-Time,Active,Priya Nair,Pune
EMP162,Rohan Joshi,Male,37,D006,Operations Executive,2024-04-29,Full-Time,Active,Vikas Patel,Pune
EMP163,Karan Mehta,Female,39,D006,Operations Executive,2024-06-17,Full-Time,Active,Priya Nair,Pune
EMP164,Aman Iyer,Male,29,D003,Data Analyst,2026-03-30,Full-Time,Active,Vikas Patel,Pune
EMP165,Nikhil Nair,Male,37,D006,Operations Executive,2023-10-17,Full-Time,Active,Rahul Mehta,Pune
EMP166,Isha Singh,Male,24,D008,Admin Executive,2026-01-27,Full-Time,Active,Rahul Mehta,Pune
EMP167,Neha Gupta,Female,42,D002,Accountant,2025-05-14,Full-Time,Active,Rahul Mehta,Pune
EMP168,Aman Joshi,Male,42,D002,Accountant,2022-02-18,Full-Time,Active,Anita Sharma,Pune
EMP169,Rahul Verma,Female,39,D007,Support Executive,2024-09-15,Full-Time,Active,Vikas Patel,Pune
EMP170,Aarav Joshi,Male,33,D003,Data Analyst,2025-08-27,Full-Time,Active,Vikas Patel,Pune
EMP171,Aditya Iyer,Female,34,D007,Support Executive,2024-01-19,Full-Time,Active,Priya Nair,Pune
EMP172,Sneha Nair,Female,23,D007,Support Executive,2025-06-17,Full-Time,Active,Rahul Mehta,Pune
EMP173,Priya Pawar,Male,44,D005,Marketing Executive,2025-05-17,Full-Time,Active,Rahul Mehta,Pune
EMP174,Meera Patel,Female,33,D003,Data Analyst,2025-01-06,Full-Time,Active,Rahul Mehta,Pune
EMP175,Ananya Iyer,Female,28,D005,Marketing Executive,2024-09-30,Full-Time,Active,Anita Sharma,Pune
EMP176,Siddharth Mehta,Male,36,D005,Marketing Executive,2025-09-05,Full-Time,Active,Priya Nair,Pune
EMP177,Priya More,Male,38,D002,Accountant,2025-11-11,Full-Time,Active,Priya Nair,Pune
EMP178,Priya Sharma,Male,34,D003,Data Analyst,2023-11-27,Full-Time,Active,Priya Nair,Pune
EMP179,Meera Deshmukh,Female,27,D004,Sales Executive,2022-12-10,Full-Time,Active,Rahul Mehta,Pune
EMP180,Aisha Joshi,Male,27,D001,HR Executive,2023-02-06,Full-Time,Active,Vikas Patel,Pune
EMP181,Sneha Verma,Male,31,D003,Data Analyst,2025-05-09,Full-Time,Active,Priya Nair,Pune
EMP182,Meera Singh,Male,38,D004,Sales Executive,2025-09-04,Full-Time,Active,Anita Sharma,Pune
EMP183,Isha More,Female,32,D002,Accountant,2022-04-01,Full-Time,Active,Rahul Mehta,Pune
EMP184,Aditya Mehta,Female,38,D003,Data Analyst,2024-01-29,Full-Time,Active,Anita Sharma,Pune
EMP185,Riya Joshi,Male,27,D005,Marketing Executive,2023-09-22,Full-Time,Active,Priya Nair,Pune
EMP186,Rohan Deshmukh,Male,30,D003,Data Analyst,2022-08-04,Full-Time,Active,Anita Sharma,Pune
EMP187,Aman Kulkarni,Male,41,D004,Sales Executive,2022-11-21,Full-Time,Active,Rahul Mehta,Pune
EMP188,Sneha Pawar,Female,42,D004,Sales Executive,2022-09-28,Full-Time,Active,Vikas Patel,Pune
EMP189,Vivaan Joshi,Male,28,D006,Operations Executive,2024-04-01,Full-Time,Active,Anita Sharma,Pune
EMP190,Arjun Pawar,Male,26,D004,Sales Executive,2025-05-03,Full-Time,Active,Anita Sharma,Pune
EMP191,Meera Mehta,Female,35,D001,HR Executive,2023-03-28,Full-Time,Active,Anita Sharma,Pune
EMP192,Neha Deshmukh,Male,28,D003,Data Analyst,2025-04-15,Full-Time,Active,Rahul Mehta,Pune
EMP193,Aisha Jadhav,Female,24,D006,Operations Executive,2023-02-04,Full-Time,Active,Priya Nair,Pune
EMP194,Karan Singh,Male,25,D005,Marketing Executive,2022-06-17,Full-Time,Active,Rahul Mehta,Pune
EMP195,Pooja Mehta,Male,44,D003,Data Analyst,2026-04-02,Full-Time,Active,Anita Sharma,Pune
EMP196,Siddharth Gupta,Female,43,D004,Sales Executive,2024-09-23,Full-Time,Active,Priya Nair,Pune
EMP197,Kavya Singh,Male,30,D005,Marketing Executive,2023-10-04,Full-Time,Active,Vikas Patel,Pune
EMP198,Pooja Patel,Female,40,D008,Admin Executive,2026-04-06,Full-Time,Active,Priya Nair,Pune
EMP199,Aditya Dhiwar,Male,33,D001,HR Executive,2022-11-02,Full-Time,Active,Vikas Patel,Pune
EMP200,Aman Jadhav,Male,24,D002,Accountant,2025-06-09,Full-Time,Active,Rahul Mehta,Pune
EMP201,Rohan Pawar,Female,31,D008,Admin Executive,2022-11-02,Full-Time,Active,Anita Sharma,Pune
EMP202,Riya Iyer,Female,32,D001,HR Executive,2022-10-06,Full-Time,Active,Rahul Mehta,Pune
EMP203,Aarav Joshi,Female,24,D008,Admin Executive,2022-12-23,Full-Time,Active,Rahul Mehta,Pune
EMP204,Karan Singh,Female,40,D002,Accountant,2024-08-07,Full-Time,Active,Anita Sharma,Pune
EMP205,Neha Pawar,Male,26,D001,HR Executive,2024-05-14,Full-Time,Active,Vikas Patel,Pune
EMP206,Aisha Verma,Female,29,D007,Support Executive,2023-08-19,Full-Time,Active,Anita Sharma,Pune
EMP207,Vivaan Patel,Male,29,D005,Marketing Executive,2023-08-02,Full-Time,Active,Priya Nair,Pune
EMP208,Aditya Kulkarni,Female,43,D001,HR Executive,2023-01-29,Full-Time,Active,Anita Sharma,Pune
EMP209,Priya Sharma,Female,43,D001,HR Executive,2024-06-26,Full-Time,Active,Priya Nair,Pune
EMP210,Ananya Sharma,Male,29,D004,Sales Executive,2023-02-03,Full-Time,Active,Priya Nair,Pune
EMP211,Rahul Dhiwar,Male,43,D002,Accountant,2024-01-01,Full-Time,Active,Rahul Mehta,Pune
EMP212,Aman Kulkarni,Female,44,D003,Data Analyst,2025-11-01,Full-Time,Active,Rahul Mehta,Pune
EMP213,Siddharth Mehta,Male,26,D004,Sales Executive,2025-03-21,Full-Time,Active,Anita Sharma,Pune
EMP214,Vivaan Pawar,Male,29,D002,Accountant,2024-07-26,Full-Time,Active,Vikas Patel,Pune
EMP215,Vivaan Gupta,Female,22,D005,Marketing Executive,2024-09-21,Full-Time,Active,Anita Sharma,Pune
EMP216,Aarav Mehta,Male,33,D007,Support Executive,2023-04-20,Full-Time,Active,Vikas Patel,Pune
EMP217,Rahul Patel,Male,33,D002,Accountant,2023-11-17,Full-Time,Active,Rahul Mehta,Pune
EMP218,Meera Dhiwar,Female,30,D003,Data Analyst,2024-07-17,Full-Time,Active,Anita Sharma,Pune
EMP219,Siddharth Nair,Male,30,D002,Accountant,2022-12-04,Full-Time,Active,Priya Nair,Pune
EMP220,Meera Patel,Male,40,D002,Accountant,2024-12-11,Full-Time,Active,Rahul Mehta,Pune
EMP221,Aman Sharma,Male,35,D008,Admin Executive,2025-01-15,Full-Time,Active,Vikas Patel,Pune
EMP222,Priya Nair,Male,31,D004,Sales Executive,2024-11-11,Full-Time,Active,Priya Nair,Pune
EMP223,Neha Patel,Female,30,D007,Support Executive,2024-04-16,Full-Time,Active,Rahul Mehta,Pune
EMP224,Aisha Jadhav,Female,27,D002,Accountant,2022-12-22,Full-Time,Active,Anita Sharma,Pune
EMP225,Kavya Joshi,Male,33,D004,Sales Executive,2026-02-27,Full-Time,Active,Anita Sharma,Pune
EMP226,Arjun Deshmukh,Male,42,D002,Accountant,2023-02-20,Full-Time,Active,Priya Nair,Pune
EMP227,Karan Jadhav,Male,40,D006,Operations Executive,2022-12-12,Full-Time,Active,Rahul Mehta,Pune
EMP228,Pooja Pawar,Female,25,D005,Marketing Executive,2024-06-08,Full-Time,Active,Priya Nair,Pune
EMP229,Isha Verma,Male,22,D007,Support Executive,2023-09-24,Full-Time,Active,Vikas Patel,Pune
EMP230,Neha Singh,Female,44,D008,Admin Executive,2026-03-25,Full-Time,Active,Vikas Patel,Pune
EMP231,Rohan Nair,Female,42,D004,Sales Executive,2023-01-09,Full-Time,Active,Vikas Patel,Pune
EMP232,Ananya Nair,Female,28,D006,Operations Executive,2023-11-12,Full-Time,Active,Priya Nair,Pune
EMP233,Pooja Iyer,Male,34,D004,Sales Executive,2022-03-13,Full-Time,Active,Priya Nair,Pune
EMP234,Meera Jadhav,Female,37,D007,Support Executive,2023-03-30,Full-Time,Active,Priya Nair,Pune
EMP235,Nikhil Verma,Male,43,D007,Support Executive,2026-04-25,Full-Time,Active,Rahul Mehta,Pune
EMP236,Aisha Pawar,Male,41,D006,Operations Executive,2025-03-14,Full-Time,Active,Anita Sharma,Pune
EMP237,Aditya Jadhav,Male,26,D006,Operations Executive,2022-02-16,Full-Time,Active,Rahul Mehta,Pune
EMP238,Pooja More,Male,45,D001,HR Executive,2022-03-06,Full-Time,Active,Anita Sharma,Pune
EMP239,Aarav Dhiwar,Male,24,D001,HR Executive,2024-05-23,Full-Time,Active,Anita Sharma,Pune
EMP240,Aarav Deshmukh,Female,31,D007,Support Executive,2022-02-05,Full-Time,Active,Rahul Mehta,Pune
EMP241,Sneha More,Male,44,D008,Admin Executive,2023-08-30,Full-Time,Active,Vikas Patel,Pune
EMP242,Priya Kulkarni,Male,42,D006,Operations Executive,2024-04-01,Full-Time,Active,Priya Nair,Pune
EMP243,Ananya Dhiwar,Male,35,D004,Sales Executive,2024-07-16,Full-Time,Active,Rahul Mehta,Pune
EMP244,Rahul Sharma,Female,23,D007,Support Executive,2026-04-09,Full-Time,Active,Priya Nair,Pune
EMP245,Nikhil Pawar,Female,26,D001,HR Executive,2025-07-18,Full-Time,Active,Vikas Patel,Pune
EMP246,Priya Jadhav,Female,26,D001,HR Executive,2024-10-21,Full-Time,Active,Rahul Mehta,Pune
EMP247,Kavya Pawar,Male,24,D006,Operations Executive,2025-01-25,Full-Time,Active,Vikas Patel,Pune
EMP248,Isha Gupta,Male,32,D001,HR Executive,2024-06-09,Full-Time,Active,Priya Nair,Pune
EMP249,Pooja Singh,Male,29,D002,Accountant,2025-12-31,Full-Time,Active,Vikas Patel,Pune
EMP250,Aisha Dhiwar,Male,30,D007,Support Executive,2025-05-29,Full-Time,Active,Vikas Patel,Pune
